{
  "epoch": [
    1,
    2,
    3,
    4,
    5,
    6,
    7,
    8,
    9,
    10
  ],
  "d_loss": [
    1.96343,
    1.7013,
    1.92905,
    1.86795,
    2.19469,
    2.23523,
    2.20961,
    2.53123,
    2.52443,
    2.51716
  ],
  "g_loss": [
    65.20778,
    58.5091,
    52.85307,
    50.15809,
    48.57302,
    47.0752,
    46.06162,
    45.72742,
    45.65306,
    44.86395
  ],
  "adv_loss": [
    5.00396,
    5.46829,
    5.15689,
    5.20671,
    4.77509,
    4.68161,
    4.71096,
    4.29423,
    4.31151,
    4.28449
  ],
  "fm_loss": [
    9.39422,
    10.74001,
    9.96426,
    10.24471,
    8.98569,
    8.82774,
    8.96233,
    7.73741,
    7.9031,
    7.85849
  ],
  "mel_loss": [
    50.8096,
    42.30081,
    37.73192,
    34.70667,
    34.81224,
    33.56585,
    32.38833,
    33.69577,
    33.43845,
    32.72097
  ],
  "lr": [
    0.0001998,
    0.00019960020000000001,
    0.00019940059980000003,
    0.00019920119920020002,
    0.00019900199800099982,
    0.0001988029960029988,
    0.00019860419300699581,
    0.00019840558881398883,
    0.00019820718322517483,
    0.00019800897604194966
  ]
}